,date,high,low,open,close,volume,adj close
0,2020-09-17,4.440884113311768,0.41899800300598145,1.0994110107421875,3.470818042755127,1762718357,3.470818042755127
1,2020-09-18,8.438536643981934,3.2617568969726562,3.4881529808044434,6.897256851196289,6061110198,6.897256851196289
2,2020-09-19,7.443274974822998,5.3217949867248535,6.945577144622803,5.724463939666748,2447471305,5.724463939666748
3,2020-09-20,6.050325870513916,4.720210075378418,5.72051477432251,5.244194984436035,1554143599,5.244194984436035
4,2020-09-21,5.62215518951416,4.160743236541748,5.244194984436035,4.266078948974609,1329464490,4.266078948974609
5,2020-09-22,4.554091930389404,3.755039930343628,4.2750139236450195,3.9051380157470703,816282684,3.9051380157470703
6,2020-09-23,4.707647800445557,3.916562080383301,3.9179439544677734,4.653264999389648,964205457,4.653264999389648
7,2020-09-24,5.249794960021973,4.448575019836426,4.448575973510742,5.137266159057617,1168427377,5.137266159057617
8,2020-09-25,5.528678894042969,4.848576068878174,5.1604461669921875,5.012951850891113,882242519,5.012951850891113
9,2020-09-26,5.225045204162598,4.737246036529541,5.011349201202393,4.805881023406982,463707078,4.805881023406982
10,2020-09-27,5.442522048950195,4.72870397567749,4.802268981933594,4.7808990478515625,444099192,4.7808990478515625
11,2020-09-28,4.937264919281006,4.164315223693848,4.781429767608643,4.187979221343994,435788116,4.187979221343994
12,2020-09-29,4.417395114898682,4.118353843688965,4.187973976135254,4.417379856109619,356399047,4.417379856109619
13,2020-09-30,4.448671817779541,3.9218928813934326,4.448182106018066,4.013014793395996,375777187,4.013014793395996
14,2020-10-01,4.506503105163574,3.974045991897583,4.014051914215088,4.259864807128906,701098958,4.259864807128906
15,2020-10-02,4.2922210693359375,3.6655540466308594,4.2617998123168945,3.785897970199585,646428104,3.785897970199585
16,2020-10-03,4.124611854553223,3.7492868900299072,3.7836039066314697,3.791614055633545,359042995,3.791614055633545
17,2020-10-04,3.8160879611968994,3.616776943206787,3.797646999359131,3.6689250469207764,413697306,3.6689250469207764
18,2020-10-05,3.716207981109619,3.3412559032440186,3.6689250469207764,3.4192049503326416,497456257,3.4192049503326416
19,2020-10-06,3.416883945465088,2.7210121154785156,3.416883945465088,2.8342409133911133,681166626,2.8342409133911133
20,2020-10-07,2.9886670112609863,2.4628679752349854,2.8423221111297607,2.8000640869140625,664950267,2.8000640869140625
21,2020-10-08,3.417099952697754,2.5826079845428467,2.79732608795166,3.27030611038208,717724262,3.27030611038208
22,2020-10-09,3.5552730560302734,2.9953999519348145,3.2856600284576416,3.09736704826355,672751181,3.09736704826355
23,2020-10-10,3.632204055786133,3.0549280643463135,3.0818119049072266,3.3315269947052,562610977,3.3315269947052
24,2020-10-11,3.4421749114990234,3.2507429122924805,3.3312389850616455,3.387239933013916,411091368,3.387239933013916
25,2020-10-12,3.4290430545806885,3.203084945678711,3.379020929336548,3.260261058807373,558369285,3.260261058807373
26,2020-10-13,3.622659921646118,3.235384941101074,3.2616729736328125,3.4972660541534424,383311535,3.4972660541534424
27,2020-10-14,3.5824520587921143,2.648806095123291,3.5001790523529053,3.0820229053497314,516845493,3.0820229053497314
28,2020-10-15,3.0774099826812744,2.86653995513916,3.0773489475250244,2.906949043273926,439092200,2.906949043273926
29,2020-10-16,3.1633551120758057,2.805558919906616,2.9083828926086426,3.0349769592285156,578856190,3.0349769592285156
30,2020-10-17,3.085675001144409,2.9605278968811035,3.0373730659484863,3.000683069229126,274343380,3.000683069229126
31,2020-10-18,3.276798963546753,2.9827609062194824,2.99507999420166,3.2668590545654297,270238697,3.2668590545654297
32,2020-10-19,3.2818660736083984,3.1287379264831543,3.274674892425537,3.177664041519165,353126948,3.177664041519165
33,2020-10-20,3.1812970638275146,2.821474075317383,3.1735830307006836,2.869800090789795,542347476,2.869800090789795
34,2020-10-21,3.065713882446289,2.8508310317993164,2.8618969917297363,2.9413740634918213,641102100,2.9413740634918213
35,2020-10-22,3.139806032180786,2.930285930633545,2.9408481121063232,3.03944993019104,490414767,3.03944993019104
36,2020-10-23,3.1202809810638428,2.974442958831787,3.0440731048583984,3.012190103530884,340365373,3.012190103530884
37,2020-10-24,3.083292007446289,2.9377100467681885,3.012190103530884,2.9432570934295654,228726426,2.9432570934295654
38,2020-10-25,2.966797113418579,2.7299389839172363,2.9432570934295654,2.775747060775757,280177013,2.775747060775757
39,2020-10-26,2.8681530952453613,2.5507009029388428,2.775747060775757,2.725903034210205,402513710,2.725903034210205
40,2020-10-27,2.9005489349365234,2.7107880115509033,2.725903034210205,2.8223989009857178,374717069,2.8223989009857178
41,2020-10-28,2.850339889526367,2.5993618965148926,2.8223989009857178,2.6761159896850586,382606652,2.6761159896850586
42,2020-10-29,2.7345690727233887,2.4940900802612305,2.6761159896850586,2.5416159629821777,452924614,2.5416159629821777
43,2020-10-30,2.5547289848327637,2.265244960784912,2.541616916656494,2.414167881011963,407724693,2.414167881011963
44,2020-10-31,2.414167881011963,2.2515969276428223,2.414167881011963,2.266427993774414,195366723,2.266427993774414
45,2020-11-01,2.433621883392334,2.2274580001831055,2.266427993774414,2.379304885864258,189355187,2.379304885864258
46,2020-11-02,2.4408349990844727,2.2432570457458496,2.379304885864258,2.2542600631713867,267321819,2.2542600631713867
47,2020-11-03,2.2810230255126953,2.0659420490264893,2.2542600631713867,2.1343190670013428,249641515,2.1343190670013428
48,2020-11-04,2.1603870391845703,1.8889729976654053,2.1343250274658203,1.9301190376281738,339588343,1.9301190376281738
49,2020-11-05,2.4016170501708984,1.7638169527053833,1.930122971534729,2.2061290740966797,513013238,2.2061290740966797
50,2020-11-06,2.6778810024261475,2.1820309162139893,2.206115961074829,2.550795078277588,584436650,2.550795078277588
51,2020-11-07,2.9958579540252686,2.4481260776519775,2.550795078277588,2.4664969444274902,771051235,2.4664969444274902
52,2020-11-08,2.8853700160980225,2.4425570964813232,2.4664969444274902,2.8486170768737793,478996897,2.8486170768737793
53,2020-11-09,2.852005958557129,2.5862860679626465,2.8486170768737793,2.676862955093384,486394678,2.676862955093384
54,2020-11-10,3.103295087814331,2.6401329040527344,2.6768639087677,3.0075440406799316,514331154,3.0075440406799316
55,2020-11-11,3.1498959064483643,2.8770649433135986,3.0075440406799316,2.912374973297119,525551143,2.912374973297119
56,2020-11-12,3.0815811157226562,2.827265977859497,2.912374973297119,2.9301419258117676,538966370,2.9301419258117676
57,2020-11-13,3.9613499641418457,2.906121015548706,2.9301419258117676,3.8796589374542236,765960347,3.8796589374542236
58,2020-11-14,3.9537460803985596,3.534730911254883,3.8796589374542236,3.8091070652008057,774643440,3.8091070652008057
59,2020-11-15,4.23602294921875,3.6348490715026855,3.8091070652008057,3.862006902694702,742520518,3.862006902694702
60,2020-11-16,3.9329071044921875,3.459238052368164,3.862006902694702,3.6040120124816895,739416980,3.6040120124816895
61,2020-11-17,3.848436117172241,3.485387086868286,3.759260892868042,3.803481101989746,753340390,3.803481101989746
62,2020-11-18,3.8474059104919434,3.288325071334839,3.8034539222717285,3.463665008544922,855595852,3.463665008544922
63,2020-11-19,3.8848750591278076,3.2475080490112305,3.4636800289154053,3.733059883117676,690972294,3.733059883117676
64,2020-11-20,4.0839619636535645,3.6842150688171387,3.733059883117676,3.840914011001587,1046467101,3.840914011001587
65,2020-11-21,3.9257700443267822,3.600594997406006,3.840914011001587,3.812230110168457,972140640,3.812230110168457
66,2020-11-22,3.920586109161377,3.4476099014282227,3.812230110168457,3.659053087234497,1008603253,3.659053087234497
67,2020-11-23,4.204034805297852,3.637181043624878,3.659053087234497,4.188878059387207,1351039954,4.188878059387207
68,2020-11-24,4.479371070861816,3.9572460651397705,4.189349174499512,4.067072868347168,1346899109,4.067072868347168
69,2020-11-25,4.2001118659973145,3.5791079998016357,4.06528377532959,3.6837539672851562,933020040,3.6837539672851562
70,2020-11-26,3.7655270099639893,3.1165380477905273,3.6820170879364014,3.4314990043640137,1516484179,3.4314990043640137
71,2020-11-27,3.5188660621643066,3.1729419231414795,3.433835983276367,3.316725015640259,665287433,3.316725015640259
72,2020-11-28,3.5310161113739014,3.266371011734009,3.3169469833374023,3.4696710109710693,508403730,3.4696710109710693
73,2020-11-29,3.569222927093506,3.3747479915618896,3.4702649116516113,3.5520548820495605,483895368,3.5520548820495605
74,2020-11-30,3.804332971572876,3.5373899936676025,3.5519440174102783,3.769073963165283,824763850,3.769073963165283
75,2020-12-01,3.9759109020233154,3.4767611026763916,3.7726120948791504,3.555413007736206,1042619601,3.555413007736206
76,2020-12-02,4.168472766876221,3.5134758949279785,3.555058002471924,3.9369399547576904,729926104,3.9369399547576904
77,2020-12-03,4.019714832305908,3.8085880279541016,3.9400699138641357,3.891982078552246,587622999,3.891982078552246
78,2020-12-04,3.916184902191162,3.5071990489959717,3.892267942428589,3.5281319618225098,595341444,3.5281319618225098
79,2020-12-05,3.696547031402588,3.457031011581421,3.528135061264038,3.681674003601074,420480161,3.681674003601074
80,2020-12-06,3.7772650718688965,3.512129068374634,3.6818699836730957,3.6531078815460205,423227915,3.6531078815460205
81,2020-12-07,3.871731996536255,3.5708909034729004,3.653027057647705,3.764540910720825,411938302,3.764540910720825
82,2020-12-08,3.764225959777832,3.2825560569763184,3.764225959777832,3.2849860191345215,546521147,3.2849860191345215
83,2020-12-09,3.3908228874206543,3.132343053817749,3.2854061126708984,3.355417013168335,516081303,3.355417013168335
84,2020-12-10,3.3677709102630615,3.1916310787200928,3.355832099914551,3.24360990524292,365002774,3.24360990524292
85,2020-12-11,3.2438650131225586,2.9264819622039795,3.2438650131225586,2.972109079360962,506458332,2.972109079360962
86,2020-12-12,3.1740779876708984,2.9659249782562256,2.9701499938964844,3.1225340366363525,299773732,3.1225340366363525
87,2020-12-13,3.3621909618377686,3.0740270614624023,3.122936964035034,3.3378219604492188,363657249,3.3378219604492188
88,2020-12-14,3.5205531120300293,3.2472100257873535,3.3385589122772217,3.4852631092071533,364601424,3.4852631092071533
89,2020-12-15,3.516303062438965,3.319636106491089,3.484302043914795,3.3315091133117676,331368559,3.3315091133117676
90,2020-12-16,3.533179998397827,3.2512118816375732,3.3311800956726074,3.5285511016845703,569026021,3.5285511016845703
91,2020-12-17,3.9930460453033447,3.4457499980926514,3.5287249088287354,3.6915109157562256,1276882131,3.6915109157562256
92,2020-12-18,3.842437982559204,3.5554111003875732,3.692718029022217,3.767314910888672,764765772,3.767314910888672
93,2020-12-19,4.236106872558594,3.7102129459381104,3.7654759883880615,3.963892936706543,860199471,3.963892936706543
94,2020-12-20,4.015781879425049,3.7281899452209473,3.9635989665985107,3.765688896179199,701901571,3.765688896179199
95,2020-12-21,3.9184019565582275,3.448854923248291,3.7662129402160645,3.5232460498809814,757127158,3.5232460498809814
96,2020-12-22,3.7734100818634033,3.2990469932556152,3.5201950073242188,3.730613946914673,734453823,3.730613946914673
97,2020-12-23,3.769714117050171,3.026776075363159,3.729353904724121,3.3139700889587402,838383816,3.3139700889587402
98,2020-12-24,3.5214319229125977,3.1679329872131348,3.315537929534912,3.5214319229125977,673684478,3.5214319229125977
99,2020-12-25,3.6359739303588867,3.383539915084839,3.5214829444885254,3.5036990642547607,597006834,3.5036990642547607
100,2020-12-26,3.599781036376953,3.362394094467163,3.503561019897461,3.406964063644409,531596588,3.406964063644409
101,2020-12-27,3.770991086959839,3.376054048538208,3.4068920612335205,3.594640016555786,966315810,3.594640016555786
102,2020-12-28,3.913331985473633,3.578972101211548,3.5948688983917236,3.7283599376678467,859661085,3.7283599376678467
103,2020-12-29,3.823270082473755,3.5029799938201904,3.7275469303131104,3.670804977416992,686584801,3.670804977416992
104,2020-12-30,4.335419178009033,3.639353036880493,3.6703310012817383,4.140557765960693,763321282,4.140557765960693
105,2020-12-31,5.283740997314453,3.956317901611328,4.137220859527588,5.168336868286133,1385543383,5.168336868286133
106,2021-01-01,5.267972946166992,4.6420698165893555,5.166861057281494,4.736248970031738,840105754,4.736248970031738
107,2021-01-02,5.169604778289795,4.4913201332092285,4.734602928161621,4.845213890075684,1418519092,4.845213890075684
108,2021-01-03,5.612782001495361,4.6721367835998535,4.846653938293457,5.447031021118164,2184123153,5.447031021118164
109,2021-01-04,6.16918420791626,4.931338787078857,5.473822116851807,5.406566143035889,3707353731,5.406566143035889
110,2021-01-05,6.552183151245117,5.254418849945068,5.4190778732299805,6.279291152954102,2956879541,6.279291152954102
111,2021-01-06,6.589841842651367,6.0546441078186035,6.283923149108887,6.409375190734863,2462933930,6.409375190734863
112,2021-01-07,6.771525859832764,6.121334075927734,6.410783767700195,6.267714977264404,2482937539,6.267714977264404
113,2021-01-08,6.348645210266113,5.512185096740723,6.266411781311035,5.8876118659973145,3002482252,5.8876118659973145
114,2021-01-09,6.348601818084717,5.689183235168457,5.888730049133301,6.251299858093262,1895112493,6.251299858093262
115,2021-01-10,6.583533763885498,5.608452796936035,6.249646186828613,5.9911627769470215,2348003198,5.9911627769470215
116,2021-01-11,5.992303848266602,4.467273235321045,5.992303848266602,5.2515058517456055,4720287192,5.2515058517456055
117,2021-01-12,5.7985639572143555,4.982100009918213,5.244943141937256,5.545368194580078,2485771003,5.545368194580078
118,2021-01-13,6.373973846435547,5.2841339111328125,5.544743061065674,6.3248491287231445,1668136049,6.3248491287231445
119,2021-01-14,7.106485843658447,6.196147918701172,6.325997829437256,6.871520042419434,2149188358,6.871520042419434
120,2021-01-15,7.465507984161377,6.462271213531494,6.898014068603516,7.360075950622559,2902758852,7.360075950622559
121,2021-01-16,9.218207359313965,7.240478038787842,7.358147144317627,8.418657302856445,2964752879,8.418657302856445
122,2021-01-17,9.156500816345215,8.103499412536621,8.430259704589844,8.66206169128418,2577838949,8.66206169128418
123,2021-01-18,9.837618827819824,8.360154151916504,8.665497779846191,9.215628623962402,2128019523,9.215628623962402
124,2021-01-19,9.631080627441406,8.513303756713867,9.2075834274292,8.641349792480469,4178260771,8.641349792480469
125,2021-01-20,9.019186019897461,7.683510780334473,8.62317943572998,8.98252010345459,4173020646,8.98252010345459
126,2021-01-21,9.012999534606934,7.411488056182861,8.9860258102417,7.602399826049805,3679537998,7.602399826049805
127,2021-01-22,9.01252555847168,7.116549015045166,7.590458869934082,8.716978073120117,3361566673,8.716978073120117
128,2021-01-23,9.507476806640625,8.547473907470703,8.705842018127441,9.304679870605469,1955096498,9.304679870605469
129,2021-01-24,12.240966796875,9.19489860534668,9.309423446655273,12.0465087890625,3944520029,12.0465087890625
130,2021-01-25,12.88794231414795,10.92244815826416,12.027857780456543,11.352210998535156,4870764024,11.352210998535156
131,2021-01-26,14.193395614624023,11.263808250427246,11.339468955993652,13.840002059936523,5870212559,13.840002059936523
132,2021-01-27,15.498223304748535,13.135700225830078,13.860127449035645,14.833483695983887,6372857509,14.833483695983887
133,2021-01-28,15.378958702087402,13.682827949523926,14.825081825256348,14.204773902893066,2104591929,14.204773902893066
134,2021-01-29,15.711578369140625,14.12673282623291,14.193649291992188,15.711578369140625,1854912081,15.711578369140625
135,2021-01-30,19.551162719726562,15.113578796386719,15.677453994750977,19.462339401245117,2232275172,19.462339401245117
136,2021-01-31,20.386127471923828,17.528911590576172,19.486671447753906,17.66629409790039,2248905216,17.66629409790039
137,2021-02-01,20.69341278076172,16.726606369018555,17.69935417175293,20.415672302246094,2217716966,20.415672302246094
138,2021-02-02,20.49295997619629,18.13624382019043,20.4313907623291,19.083662033081055,1674573149,19.083662033081055
139,2021-02-03,20.4647216796875,18.765483856201172,19.06243324279785,19.765907287597656,1414097283,19.765907287597656
140,2021-02-04,21.51125717163086,19.528627395629883,19.77549934387207,20.14545440673828,1355026915,20.14545440673828
141,2021-02-05,22.274959564208984,19.79581642150879,20.139793395996094,21.18557357788086,1243281252,21.18557357788086
142,2021-02-06,21.586814880371094,19.272981643676758,21.177589416503906,19.300098419189453,1073623434,19.300098419189453
143,2021-02-07,19.62639045715332,17.16372299194336,19.282339096069336,18.686864852905273,1078369272,18.686864852905273
144,2021-02-08,20.112741470336914,18.182706832885742,18.670705795288086,19.34528160095215,1100318952,19.34528160095215
145,2021-02-09,19.91466522216797,18.937421798706055,19.351045608520508,19.533857345581055,822779049,19.533857345581055
146,2021-02-10,22.360448837280273,19.522151947021484,19.522151947021484,20.74180030822754,1513117186,20.74180030822754
147,2021-02-11,21.910751342773438,20.20966148376465,20.724428176879883,21.554996490478516,940200135,21.554996490478516
148,2021-02-12,23.595420837402344,21.268390655517578,21.54099464416504,22.74601936340332,1324482439,22.74601936340332
149,2021-02-13,23.471351623535156,21.33660888671875,22.731830596923828,21.806753158569336,969494116,21.806753158569336
150,2021-02-14,22.571971893310547,20.8305606842041,21.80632209777832,20.930774688720703,782187072,20.930774688720703
151,2021-02-15,21.472042083740234,17.625282287597656,20.900590896606445,20.062044143676758,1274415766,20.062044143676758
152,2021-02-16,21.281417846679688,19.488187789916992,20.044336318969727,20.45751953125,881473851,20.45751953125
153,2021-02-17,21.73776626586914,19.261850357055664,20.46384620666504,21.488525390625,855158976,21.488525390625
154,2021-02-18,22.234853744506836,20.66959571838379,21.488121032714844,21.161785125732422,593118926,21.161785125732422
155,2021-02-19,21.498945236206055,19.4395694732666,21.183181762695312,20.07491111755371,767599936,20.07491111755371
156,2021-02-20,32.63268280029297,19.568893432617188,20.072643280029297,29.140384674072266,4080070578,29.140384674072266
157,2021-02-21,31.94686508178711,28.021644592285156,28.910551071166992,28.829715728759766,2165245356,28.829715728759766
158,2021-02-22,28.989484786987305,22.42612648010254,28.816129684448242,27.7170467376709,2088659958,27.7170467376709
159,2021-02-23,27.743925094604492,18.5345516204834,27.708213806152344,24.576644897460938,2670108296,24.576644897460938
160,2021-02-24,27.28931999206543,23.15284538269043,24.651880264282227,25.255146026611328,1423106271,25.255146026611328
161,2021-02-25,26.837709426879883,23.271169662475586,25.24555206298828,23.271169662475586,984151754,23.271169662475586
162,2021-02-26,25.121829986572266,21.10540008544922,23.416305541992188,23.074512481689453,1101820829,23.074512481689453
163,2021-02-27,24.727901458740234,22.4364013671875,23.09899139404297,23.45471954345703,761796613,23.45471954345703
164,2021-02-28,24.053844451904297,20.629169464111328,23.508026123046875,22.189559936523438,901637423,22.189559936523438
165,2021-03-01,25.453113555908203,22.144989013671875,22.218503952026367,25.444643020629883,839066478,25.444643020629883
166,2021-03-02,27.351472854614258,24.64336585998535,25.491138458251953,25.60691261291504,1232183265,25.60691261291504
167,2021-03-03,27.57000160217285,25.35511589050293,25.586437225341797,25.46640968322754,754004618,25.46640968322754
168,2021-03-04,29.66740608215332,24.818201065063477,25.42898941040039,28.262481689453125,1805032641,28.262481689453125
169,2021-03-05,28.72995376586914,25.95362091064453,28.251190185546875,28.345054626464844,1189024359,28.345054626464844
170,2021-03-06,28.94862174987793,27.238401412963867,28.311182022094727,28.47710609436035,668584460,28.47710609436035
171,2021-03-07,34.76778030395508,28.51609230041504,28.51609230041504,34.278255462646484,1593346979,34.278255462646484
172,2021-03-08,34.873416900634766,32.25296401977539,34.283233642578125,33.29326629638672,1249974446,33.29326629638672
173,2021-03-09,34.65372085571289,32.412376403808594,33.29075622558594,32.86460494995117,912214251,32.86460494995117
174,2021-03-10,33.49211120605469,30.456924438476562,32.876182556152344,30.967098236083984,776104817,30.967098236083984
175,2021-03-11,31.75115394592285,29.619733810424805,30.908435821533203,31.02901268005371,688330980,31.02901268005371
176,2021-03-12,31.88264274597168,29.422794342041016,31.04164695739746,31.007837295532227,630829033,31.007837295532227
177,2021-03-13,33.251033782958984,30.254358291625977,30.978612899780273,32.52656936645508,743952567,32.52656936645508
178,2021-03-14,33.6792106628418,30.796022415161133,32.50917053222656,30.796022415161133,558846418,30.796022415161133
179,2021-03-15,31.463090896606445,29.650388717651367,30.754146575927734,29.8166561126709,623504911,29.8166561126709
180,2021-03-16,30.011323928833008,28.10150718688965,29.83073616027832,29.930063247680664,549084935,29.930063247680664
181,2021-03-17,31.548690795898438,29.62311553955078,29.943737030029297,31.339994430541992,763515293,31.339994430541992
182,2021-03-18,31.51703453063965,29.81927490234375,31.24957847595215,30.02918243408203,408556939,30.02918243408203
183,2021-03-19,34.138702392578125,29.567638397216797,30.01091766357422,33.256378173828125,811698241,33.256378173828125
184,2021-03-20,35.12474060058594,31.998096466064453,33.32646179199219,32.19557189941406,849531037,32.19557189941406
185,2021-03-21,33.319889068603516,31.365825653076172,32.21406173706055,32.68375015258789,488482019,32.68375015258789
186,2021-03-22,35.8603401184082,31.853078842163086,32.724281311035156,32.96406555175781,1102796186,32.96406555175781
187,2021-03-23,36.414913177490234,30.52696418762207,32.92839431762695,31.100177764892578,1671747241,31.100177764892578
188,2021-03-24,31.87839126586914,26.066240310668945,31.05727767944336,27.598337173461914,1266483732,27.598337173461914
189,2021-03-25,27.885108947753906,25.722288131713867,27.437551498413086,26.67650032043457,926532573,26.67650032043457
190,2021-03-26,29.030296325683594,26.596736907958984,26.646785736083984,28.965288162231445,647332550,28.965288162231445
191,2021-03-27,29.479511260986328,27.81387710571289,28.9278564453125,28.133060455322266,507932900,28.133060455322266
192,2021-03-28,29.04605484008789,27.44518280029297,28.135805130004883,27.840124130249023,412582101,27.840124130249023
193,2021-03-29,29.622201919555664,27.603450775146484,27.840293884277344,29.123371124267578,520880675,29.123371124267578
194,2021-03-30,29.2723445892334,28.10792350769043,29.11867332458496,28.48761558532715,504391381,28.48761558532715
195,2021-03-31,28.971149444580078,27.02039909362793,28.485998153686523,27.986522674560547,560514223,27.986522674560547
196,2021-04-01,30.268213272094727,27.98485565185547,27.98485565185547,28.739431381225586,751718828,28.739431381225586
197,2021-04-02,30.20549201965332,28.70728302001953,28.73680305480957,30.17564582824707,535780413,30.17564582824707
198,2021-04-03,32.50379943847656,29.544437408447266,30.163251876831055,29.549884796142578,901722734,29.549884796142578
199,2021-04-04,31.601421356201172,29.30684471130371,29.536935806274414,31.065555572509766,457926443,31.065555572509766
200,2021-04-05,31.5286922454834,29.686277389526367,31.0719051361084,30.794845581054688,497831517,30.794845581054688
201,2021-04-06,32.35935592651367,30.294158935546875,30.818172454833984,31.3227481842041,562448082,31.3227481842041
202,2021-04-07,31.41863441467285,27.87626838684082,31.292110443115234,28.59392547607422,679675888,28.59392547607422
203,2021-04-08,30.29578971862793,28.397541046142578,28.613697052001953,30.222431182861328,421298840,30.222431182861328
204,2021-04-09,30.51779556274414,29.36469841003418,30.219234466552734,29.562219619750977,322122933,29.562219619750977
205,2021-04-10,30.8126163482666,29.218631744384766,29.554414749145508,29.792390823364258,439672477,29.792390823364258
206,2021-04-11,30.71073341369629,29.253801345825195,29.769933700561523,29.979101181030273,447643489,29.979101181030273
207,2021-04-12,38.128414154052734,29.610036849975586,29.96845054626465,36.75481414794922,2185144995,36.75481414794922
208,2021-04-13,37.13001251220703,34.30763626098633,36.67646408081055,35.322261810302734,1201797905,35.322261810302734
209,2021-04-14,36.784202575683594,33.38737869262695,35.403629302978516,36.151065826416016,1060830034,36.151065826416016
210,2021-04-15,39.519073486328125,35.69551086425781,36.14057540893555,37.84836959838867,1267323240,37.84836959838867
211,2021-04-16,38.204673767089844,34.40658187866211,37.76399230957031,36.279659271240234,977289792,36.279659271240234
212,2021-04-17,37.560638427734375,34.933284759521484,36.234344482421875,35.09549331665039,653849649,35.09549331665039
213,2021-04-18,35.46338653564453,27.694313049316406,35.15216827392578,31.746318817138672,1446701095,31.746318817138672
214,2021-04-19,32.69434356689453,29.46617889404297,31.634000778198242,31.446096420288086,847494415,31.446096420288086
215,2021-04-20,32.22580337524414,28.403411865234375,31.3869686126709,31.96318817138672,921466440,31.96318817138672
216,2021-04-21,36.43017578125,30.559762954711914,31.984546661376953,33.60398864746094,1456435098,33.60398864746094
217,2021-04-22,38.39358139038086,32.78789520263672,33.42213821411133,34.13132095336914,2169942710,34.13132095336914
218,2021-04-23,34.77540588378906,29.854576110839844,34.00407409667969,32.881690979003906,1631826790,32.881690979003906
219,2021-04-24,32.939048767089844,29.972946166992188,32.939048767089844,30.11583709716797,636577406,30.11583709716797
220,2021-04-25,34.7423210144043,30.04205894470215,30.13408660888672,33.88875198364258,1068206314,33.88875198364258
221,2021-04-26,38.446205139160156,34.17159652709961,34.337921142578125,37.945411682128906,1159890689,37.945411682128906
222,2021-04-27,40.4747200012207,37.347110748291016,38.18788146972656,39.61473083496094,1159853793,39.61473083496094
223,2021-04-28,42.90787124633789,37.79453659057617,39.62831497192383,42.8032112121582,1657342891,42.8032112121582
224,2021-04-29,43.892784118652344,39.65757369995117,42.849178314208984,41.03312683105469,1081575233,41.03312683105469
225,2021-04-30,41.33313751220703,39.17109298706055,41.04032897949219,40.69766616821289,1014223950,40.69766616821289
226,2021-05-01,41.251068115234375,39.245662689208984,40.64195251464844,40.19977569580078,747988502,40.19977569580078
227,2021-05-02,43.235557556152344,39.33680725097656,40.329345703125,42.32731246948242,1047562019,42.32731246948242
228,2021-05-03,44.974063873291016,41.33407211303711,42.55731201171875,42.317527770996094,1178971606,42.317527770996094
229,2021-05-04,44.55617904663086,39.968116760253906,42.289676666259766,43.16450500488281,1714504137,43.16450500488281
230,2021-05-05,44.89919662475586,41.576133728027344,43.08332443237305,42.496185302734375,1469755008,42.496185302734375
231,2021-05-06,42.500389099121094,39.9782600402832,42.44493865966797,40.22020721435547,1165197475,40.22020721435547
232,2021-05-07,41.20637130737305,38.335052490234375,40.23377990722656,39.78305435180664,993781915,39.78305435180664
233,2021-05-08,41.232845306396484,39.190582275390625,39.7607421875,40.40708923339844,743543345,40.40708923339844
234,2021-05-09,40.697574615478516,38.23710250854492,40.474449157714844,39.43003463745117,663372004,39.43003463745117
235,2021-05-10,41.133541107177734,33.603271484375,39.42240524291992,36.38795471191406,952681487,36.38795471191406
236,2021-05-11,38.509883880615234,35.49631118774414,36.35159683227539,38.4899787902832,705090608,38.4899787902832
237,2021-05-12,43.99576950073242,36.03806686401367,38.516666412353516,36.03806686401367,1851746863,36.03806686401367
238,2021-05-13,40.272674560546875,34.477577209472656,36.96122741699219,37.36915969848633,1409570978,37.36915969848633
239,2021-05-14,40.82982635498047,37.164852142333984,37.33851623535156,40.32621383666992,804342782,40.32621383666992
240,2021-05-15,42.36677932739258,36.57718276977539,40.40036392211914,36.57718276977539,1049908753,36.57718276977539
241,2021-05-16,39.3751335144043,34.543663024902344,36.55339050292969,36.56150436401367,822738819,36.56150436401367
242,2021-05-17,36.562965393066406,32.013057708740234,36.562965393066406,33.28563690185547,974771404,33.28563690185547
243,2021-05-18,36.57752990722656,33.03281021118164,33.24620819091797,35.07202911376953,842688704,35.07202911376953
244,2021-05-19,35.485469818115234,16.666702270507812,35.07121276855469,23.42795753479004,2241014905,23.42795753479004
245,2021-05-20,28.446245193481445,20.105405807495117,23.162841796875,26.394573211669922,1338078607,26.394573211669922
246,2021-05-21,27.950847625732422,18.895566940307617,26.355510711669922,21.901260375976562,1076267674,21.901260375976562
247,2021-05-22,22.361534118652344,18.514253616333008,21.96459197998047,20.383455276489258,791748160,20.383455276489258
248,2021-05-23,21.30185317993164,13.092185020446777,20.380586624145508,16.836334228515625,1320921899,16.836334228515625
249,2021-05-24,25.129262924194336,16.57416534423828,16.7363338470459,24.627649307250977,1526035442,24.627649307250977
250,2021-05-25,26.659273147583008,21.624149322509766,24.657163619995117,25.195016860961914,1386905999,25.195016860961914
251,2021-05-26,29.368295669555664,24.61406135559082,25.16353988647461,29.368295669555664,1071924820,29.368295669555664
252,2021-05-27,29.904502868652344,26.21504020690918,29.451658248901367,28.37033462524414,999766482,28.37033462524414
253,2021-05-28,29.402484893798828,24.976367950439453,28.47447967529297,25.924945831298828,1076488584,25.924945831298828
254,2021-05-29,27.532371520996094,21.85444450378418,25.897546768188477,23.17946434020996,817413607,23.17946434020996
255,2021-05-30,26.556747436523438,21.780263900756836,23.175678253173828,25.74251937866211,782067312,25.74251937866211
256,2021-05-31,28.404706954956055,23.463970184326172,25.71764373779297,28.36971092224121,1058080597,28.36971092224121
257,2021-06-01,28.724550247192383,26.011886596679688,28.274648666381836,27.395233154296875,753430864,27.395233154296875
258,2021-06-02,28.799102783203125,26.376422882080078,27.41344451904297,27.631479263305664,558113727,27.631479263305664
259,2021-06-03,29.357791900634766,26.952545166015625,27.642187118530273,28.630809783935547,541834896,28.630809783935547
260,2021-06-04,28.677934646606445,25.148025512695312,28.677934646606445,26.442995071411133,603761573,26.442995071411133
261,2021-06-05,27.681568145751953,25.23197364807129,26.461435317993164,25.60755157470703,448910761,25.60755157470703
262,2021-06-06,26.436006546020508,25.41512680053711,25.64622688293457,25.9124813079834,333386144,25.9124813079834
263,2021-06-07,27.34189224243164,24.011367797851562,25.90322494506836,24.195165634155273,479599704,24.195165634155273
264,2021-06-08,24.619298934936523,20.739099502563477,24.277175903320312,23.53021812438965,583658979,23.53021812438965
265,2021-06-09,25.227418899536133,22.268329620361328,23.43911361694336,25.127302169799805,697734988,25.127302169799805
266,2021-06-10,25.246007919311523,23.190414428710938,25.119218826293945,23.597158432006836,399429441,23.597158432006836
267,2021-06-11,23.863500595092773,21.45595932006836,23.60892105102539,21.850969314575195,390923862,21.850969314575195
268,2021-06-12,21.909217834472656,20.312402725219727,21.87485122680664,21.3225154876709,379030854,21.3225154876709
269,2021-06-13,23.60087776184082,20.51679039001465,21.308591842651367,23.274320602416992,408171937,23.274320602416992
270,2021-06-14,24.22007179260254,22.60933494567871,23.26169776916504,23.407238006591797,418305189,23.407238006591797
271,2021-06-15,24.68617820739746,23.196107864379883,24.10638427734375,24.18085289001465,405740380,24.18085289001465
272,2021-06-16,23.565771102905273,21.700481414794922,23.458093643188477,21.832225799560547,344163561,21.832225799560547
273,2021-06-17,22.919666290283203,21.498079299926758,21.85268783569336,22.154890060424805,247003560,22.154890060424805
274,2021-06-18,22.261383056640625,19.646007537841797,22.186534881591797,20.393360137939453,330277776,20.393360137939453
275,2021-06-19,20.97942352294922,19.86441421508789,20.421415328979492,19.91080665588379,268928419,19.91080665588379
276,2021-06-20,21.05272674560547,18.684234619140625,19.843891143798828,20.8065128326416,368331090,20.8065128326416
277,2021-06-21,20.879562377929688,15.785394668579102,20.741506576538086,15.850638389587402,566312286,15.850638389587402
278,2021-06-22,17.103456497192383,13.999982833862305,15.802811622619629,16.38027572631836,706248217,16.38027572631836
279,2021-06-23,18.488224029541016,15.836358070373535,16.403793334960938,17.87169647216797,511611142,17.87169647216797
280,2021-06-24,18.55271339416504,16.658824920654297,17.814517974853516,18.05471420288086,366440877,18.05471420288086
281,2021-06-25,18.337860107421875,15.73205280303955,18.06206512451172,15.905190467834473,370292098,15.905190467834473
282,2021-06-26,16.451696395874023,15.136502265930176,15.866926193237305,16.10042381286621,284658409,16.10042381286621
283,2021-06-27,17.095666885375977,15.668840408325195,16.15028190612793,17.095666885375977,255240542,17.095666885375977
284,2021-06-28,18.134931564331055,16.881338119506836,17.09621238708496,17.683860778808594,306684346,17.683860778808594
285,2021-06-29,19.18585205078125,17.68160057067871,17.735248565673828,18.554330825805664,383182157,18.554330825805664
286,2021-06-30,19.285432815551758,17.19900131225586,18.644372940063477,19.278358459472656,397542621,19.278358459472656
287,2021-07-01,19.27789878845215,17.58957862854004,19.27789878845215,17.870399475097656,364624991,17.870399475097656
288,2021-07-02,18.24357032775879,16.98381805419922,17.833072662353516,18.24172592163086,307045716,18.24172592163086
289,2021-07-03,19.524757385253906,17.849987030029297,18.227338790893555,19.524757385253906,344855379,19.524757385253906
290,2021-07-04,21.48141098022461,18.947370529174805,19.479936599731445,20.771873474121094,540490915,20.771873474121094
291,2021-07-05,20.86778450012207,19.180908203125,20.767419815063477,20.09518051147461,545274387,20.09518051147461
292,2021-07-06,23.18855857849121,20.075544357299805,20.088390350341797,22.40018653869629,815123869,22.40018653869629
293,2021-07-07,23.388099670410156,21.764413833618164,22.39900779724121,22.23114585876465,484900571,22.23114585876465
294,2021-07-08,22.297191619873047,19.9932861328125,22.276458740234375,20.400131225585938,491809315,20.400131225585938
295,2021-07-09,21.5440673828125,19.80423355102539,20.352445602416992,20.985469818115234,439238859,20.985469818115234
296,2021-07-10,21.513734817504883,19.98267364501953,20.99674415588379,20.2437744140625,259378363,20.2437744140625
297,2021-07-11,20.94205093383789,20.008882522583008,20.243202209472656,20.681039810180664,268848504,20.681039810180664
298,2021-07-12,21.395008087158203,19.25403594970703,20.69620704650879,19.587623596191406,356522125,19.587623596191406
299,2021-07-13,19.703317642211914,18.201261520385742,19.578746795654297,18.438556671142578,348010795,18.438556671142578
300,2021-07-14,18.5223331451416,16.779993057250977,18.46722984313965,17.868684768676758,452806171,17.868684768676758
301,2021-07-15,18.37451934814453,16.82573127746582,17.892854690551758,16.996023178100586,404867307,16.996023178100586
302,2021-07-16,17.58660888671875,15.947651863098145,17.048324584960938,16.408367156982422,382003612,16.408367156982422
303,2021-07-17,16.74807357788086,15.95964241027832,16.362070083618164,16.106517791748047,335054881,16.106517791748047
304,2021-07-18,17.16274070739746,16.088106155395508,16.125919342041016,16.36115837097168,319630224,16.36115837097168
305,2021-07-19,16.764490127563477,15.433442115783691,16.323026657104492,15.689140319824219,353935381,15.689140319824219
306,2021-07-20,15.949567794799805,14.448476791381836,15.728275299072266,14.599843978881836,371509356,14.599843978881836
307,2021-07-21,16.863319396972656,14.05224323272705,14.56502628326416,16.679479598999023,416317964,16.679479598999023
308,2021-07-22,17.601350784301758,16.133222579956055,16.7115535736084,17.59596824645996,371465656,17.59596824645996
309,2021-07-23,18.69587516784668,16.975677490234375,17.584640502929688,18.623628616333008,394618360,18.623628616333008
310,2021-07-24,18.919546127319336,18.06842613220215,18.587982177734375,18.278602600097656,325806068,18.278602600097656
311,2021-07-25,18.432689666748047,17.257539749145508,18.242319107055664,18.27025604248047,318191966,18.27025604248047
312,2021-07-26,20.266700744628906,18.190876007080078,18.288524627685547,18.568395614624023,564412316,18.568395614624023
313,2021-07-27,19.22001838684082,17.744304656982422,18.528833389282227,18.882579803466797,426135637,18.882579803466797
314,2021-07-28,19.435848236083984,18.557363510131836,18.909162521362305,19.015607833862305,431734062,19.015607833862305
315,2021-07-29,19.71870994567871,18.673141479492188,19.04873275756836,19.542638778686523,388361237,19.542638778686523
316,2021-07-30,21.033720016479492,19.415691375732422,19.585548400878906,20.97228240966797,528084944,20.97228240966797
317,2021-07-31,21.954557418823242,20.728954315185547,20.924837112426758,21.811683654785156,417548123,21.811683654785156
318,2021-08-01,23.206567764282227,21.591379165649414,21.746381759643555,22.032346725463867,490870113,22.032346725463867
319,2021-08-02,23.087751388549805,21.42799186706543,22.002351760864258,22.40984535217285,430925094,22.40984535217285
320,2021-08-03,22.72880744934082,20.707937240600586,22.40085220336914,21.27823257446289,497818522,21.27823257446289
321,2021-08-04,23.712020874023438,20.81300926208496,21.32986831665039,23.526203155517578,544646703,23.526203155517578
322,2021-08-05,25.50761604309082,22.143842697143555,23.53813934326172,25.440156936645508,701727726,25.440156936645508
323,2021-08-06,26.86307144165039,24.55274200439453,25.438196182250977,26.160932540893555,507687348,26.160932540893555
324,2021-08-07,28.996150970458984,25.82314109802246,26.168184280395508,28.185483932495117,657129565,28.185483932495117
325,2021-08-08,28.631322860717773,26.0227108001709,28.295814514160156,26.722593307495117,452883068,26.722593307495117
326,2021-08-09,28.76721954345703,25.401439666748047,26.70085334777832,28.402530670166016,575462715,28.402530670166016
327,2021-08-10,30.192956924438477,28.216636657714844,28.349897384643555,28.7582950592041,735525295,28.7582950592041
328,2021-08-11,30.3818416595459,28.732852935791016,28.76358413696289,29.000503540039062,673710086,29.000503540039062
329,2021-08-12,29.885183334350586,26.912551879882812,28.998336791992188,28.047378540039062,585208513,28.047378540039062
330,2021-08-13,30.592910766601562,27.865604400634766,28.11260414123535,30.574594497680664,563806530,30.574594497680664
331,2021-08-14,30.624046325683594,28.74241828918457,30.50910758972168,30.137561798095703,481398153,30.137561798095703
332,2021-08-15,30.418188095092773,28.33039665222168,30.127185821533203,30.252153396606445,420500473,30.252153396606445
333,2021-08-16,31.245697021484375,29.061443328857422,30.269241333007812,29.203548431396484,560417709,29.203548431396484
334,2021-08-17,30.79598045349121,25.959625244140625,29.096397399902344,26.419477462768555,699103599,26.419477462768555
335,2021-08-18,27.33409309387207,25.516164779663086,26.412954330444336,26.58272933959961,647938309,26.58272933959961
336,2021-08-19,27.95726776123047,25.33294105529785,26.31564712524414,27.957237243652344,522441763,27.957237243652344
337,2021-08-20,29.13118553161621,27.568275451660156,27.949539184570312,28.867103576660156,450316189,28.867103576660156
338,2021-08-21,29.735790252685547,28.224992752075195,28.901592254638672,28.248825073242188,420152579,28.248825073242188
339,2021-08-22,29.168941497802734,27.317153930664062,28.24335479736328,28.42609977722168,394811045,28.42609977722168
340,2021-08-23,29.614633560180664,28.406566619873047,28.426158905029297,28.785572052001953,391967807,28.785572052001953
341,2021-08-24,29.231077194213867,26.54987907409668,28.83498191833496,26.64594841003418,439737889,26.64594841003418
342,2021-08-25,27.443628311157227,25.721782684326172,26.650497436523438,27.023340225219727,346837564,27.023340225219727
343,2021-08-26,27.61824607849121,25.181669235229492,27.07720375061035,25.562664031982422,373468350,25.562664031982422
344,2021-08-27,27.47726058959961,25.064176559448242,25.552900314331055,27.36817741394043,370325245,27.36817741394043
345,2021-08-28,27.583946228027344,26.685237884521484,27.41484832763672,26.8166446685791,232978478,26.8166446685791
346,2021-08-29,27.663713455200195,26.212413787841797,26.825590133666992,26.81300926208496,302596119,26.81300926208496
347,2021-08-30,28.21672821044922,25.640127182006836,26.81405258178711,26.777944564819336,422069860,26.777944564819336
348,2021-08-31,29.7126522064209,26.30262565612793,26.815200805664062,29.42051887512207,785364067,29.42051887512207
349,2021-09-01,31.29646873474121,28.733850479125977,29.343469619750977,31.29646873474121,898552594,31.29646873474121
350,2021-09-02,31.38794708251953,29.60779571533203,31.336511611938477,29.983781814575195,460923590,29.983781814575195
351,2021-09-03,31.153682708740234,28.38007164001465,29.950803756713867,28.66644859313965,996796086,28.66644859313965
352,2021-09-04,29.444034576416016,28.280088424682617,28.6562442779541,28.615150451660156,497493157,28.615150451660156
353,2021-09-05,29.476177215576172,28.367023468017578,28.573339462280273,29.364463806152344,445642192,29.364463806152344
354,2021-09-06,30.27712631225586,28.571178436279297,29.363807678222656,28.856008529663086,724297233,28.856008529663086
355,2021-09-07,29.316675186157227,21.503414154052734,28.82830238342285,24.24998664855957,1369858233,24.24998664855957
356,2021-09-08,24.932531356811523,21.448863983154297,24.235736846923828,23.177143096923828,814511850,23.177143096923828
357,2021-09-09,24.681589126586914,22.79892921447754,22.867279052734375,23.309484481811523,633684687,23.309484481811523
358,2021-09-10,24.245027542114258,21.545568466186523,23.327974319458008,22.31696891784668,531194133,22.31696891784668
359,2021-09-11,23.866680145263672,22.288494110107422,22.30113410949707,22.749895095825195,369421964,22.749895095825195
360,2021-09-12,24.19687843322754,22.18553924560547,22.757827758789062,23.688823699951172,450727925,23.688823699951172
361,2021-09-13,23.983186721801758,21.48966407775879,23.737869262695312,22.6566162109375,500276639,22.6566162109375
362,2021-09-14,25.919723510742188,22.5159854888916,22.672086715698242,25.65300941467285,586779522,25.65300941467285
363,2021-09-15,27.464513778686523,24.731420516967773,25.660877227783203,27.464513778686523,632916031,27.464513778686523
364,2021-09-16,27.600812911987305,25.442825317382812,27.469072341918945,26.274017333984375,640739164,26.274017333984375
365,2021-09-17,26.355369567871094,24.01986312866211,26.248016357421875,24.28819465637207,500880687,24.28819465637207
366,2021-09-18,25.148868560791016,23.999143600463867,24.28952407836914,24.54183578491211,295373763,24.54183578491211
367,2021-09-19,24.59535026550293,23.567441940307617,24.52411651611328,23.92476463317871,264342780,23.92476463317871
368,2021-09-20,23.9755859375,20.57309913635254,23.9073486328125,20.762800216674805,596230982,20.762800216674805
369,2021-09-21,21.606679916381836,18.466175079345703,20.892427444458008,19.036571502685547,547836013,19.036571502685547
370,2021-09-22,21.637622833251953,18.87053680419922,19.052734375,21.637622833251953,481907141,21.637622833251953
371,2021-09-23,21.834625244140625,20.9256534576416,21.637065887451172,21.530466079711914,294213264,21.530466079711914
372,2021-09-24,21.628374099731445,18.285335540771484,21.52044105529785,19.671728134155273,482871221,19.671728134155273
373,2021-09-25,20.118555068969727,18.997333526611328,19.672039031982422,19.50146484375,297546092,19.50146484375
374,2021-09-26,24.673009872436523,17.7718448638916,19.500709533691406,24.029178619384766,1607015164,24.029178619384766
375,2021-09-27,25.978134155273438,22.29507827758789,24.135143280029297,22.445222854614258,1098024907,22.445222854614258
376,2021-09-28,24.968547821044922,22.276527404785156,22.406410217285156,23.05898666381836,1343802036,23.05898666381836
377,2021-09-29,24.261138916015625,22.364887237548828,23.123971939086914,23.049686431884766,853259462,23.049686431884766
378,2021-09-30,23.93357276916504,22.647218704223633,23.021203994750977,23.527053833007812,551151572,23.527053833007812
379,2021-10-01,25.788524627685547,23.515453338623047,23.53662109375,25.63608169555664,704377664,25.63608169555664
380,2021-10-02,27.213153839111328,25.39830207824707,25.61901092529297,26.178560256958008,664421727,26.178560256958008
381,2021-10-03,26.607858657836914,25.730133056640625,26.154951095581055,26.00412940979004,402608636,26.00412940979004
382,2021-10-04,26.019094467163086,24.321958541870117,26.013595581054688,25.303266525268555,456608399,25.303266525268555
383,2021-10-05,25.8507137298584,24.6287784576416,25.331409454345703,25.664791107177734,401440871,25.664791107177734
384,2021-10-06,25.95323944091797,23.87495994567871,25.65470314025879,25.287689208984375,479199274,25.287689208984375
385,2021-10-07,26.278947830200195,24.51897430419922,25.257497787475586,25.535184860229492,417397076,25.535184860229492
386,2021-10-08,26.065807342529297,24.671159744262695,25.52531623840332,24.76791000366211,368392614,24.76791000366211
387,2021-10-09,25.645769119262695,24.59115982055664,24.767959594726562,25.13216781616211,291060424,25.13216781616211
388,2021-10-10,25.98551368713379,24.144556045532227,25.130189895629883,24.25234031677246,354545524,24.25234031677246
389,2021-10-11,25.047399520874023,23.583953857421875,24.19698143005371,24.15532684326172,326615164,24.15532684326172
390,2021-10-12,24.19545555114746,22.340465545654297,24.19545555114746,23.46637725830078,323630450,23.46637725830078
391,2021-10-13,25.68964195251465,23.206653594970703,23.46837615966797,24.674861907958984,671655138,24.674861907958984
392,2021-10-14,26.458118438720703,24.552656173706055,24.68401527404785,26.401269912719727,513293234,26.401269912719727
393,2021-10-15,26.82265281677246,25.479415893554688,26.41178321838379,25.849355697631836,493881417,25.849355697631836
394,2021-10-16,27.887224197387695,25.73066520690918,25.858747482299805,27.012237548828125,513409934,27.012237548828125
395,2021-10-17,27.11939811706543,25.108789443969727,27.050565719604492,25.9271297454834,394964386,25.9271297454834
396,2021-10-18,26.219589233398438,24.92784881591797,25.91794204711914,25.65212059020996,262817791,25.65212059020996
397,2021-10-19,26.27739715576172,25.310710906982422,25.660585403442383,26.070106506347656,251703468,26.070106506347656
398,2021-10-20,27.100740432739258,25.57171630859375,26.02304458618164,27.037132263183594,307369982,27.037132263183594
399,2021-10-21,27.743858337402344,25.853410720825195,27.13404655456543,26.111133575439453,389710903,26.111133575439453
400,2021-10-22,26.81669807434082,25.350791931152344,26.10161018371582,25.637157440185547,342294131,25.637157440185547
401,2021-10-23,26.887990951538086,25.2954158782959,25.62821388244629,26.841773986816406,255689526,26.841773986816406
402,2021-10-24,27.244003295898438,25.391605377197266,26.869977951049805,25.83725357055664,250045762,25.83725357055664
403,2021-10-25,26.705354690551758,25.705799102783203,25.78831672668457,26.705354690551758,231343141,26.705354690551758
404,2021-10-26,28.27713394165039,26.298906326293945,26.722396850585938,26.557506561279297,553145671,26.557506561279297
405,2021-10-27,28.294721603393555,23.788532257080078,26.56675148010254,24.15403175354004,678496587,24.15403175354004
406,2021-10-28,25.35641098022461,24.008365631103516,24.143287658691406,24.9399471282959,426505180,24.9399471282959
407,2021-10-29,25.79924964904785,24.725141525268555,24.9031982421875,25.4126033782959,291901890,25.4126033782959
408,2021-10-30,25.551626205444336,24.50142478942871,25.43109703063965,24.90863609313965,198420734,24.90863609313965
409,2021-10-31,25.293455123901367,24.05469512939453,24.911466598510742,24.992748260498047,218835107,24.992748260498047
410,2021-11-01,26.470239639282227,24.176834106445312,25.00104331970215,25.630748748779297,356990406,25.630748748779297
411,2021-11-02,26.315509796142578,25.17741584777832,25.637672424316406,26.17242431640625,273444353,26.17242431640625
412,2021-11-03,27.046539306640625,25.43722152709961,26.181846618652344,26.855335235595703,461720151,26.855335235595703
413,2021-11-04,27.46786117553711,25.28342628479004,26.83710479736328,25.78609848022461,394831143,25.78609848022461
414,2021-11-05,26.09297752380371,25.30790901184082,25.77420425415039,25.61132049560547,306264785,25.61132049560547
415,2021-11-06,25.80330467224121,24.51136016845703,25.61153221130371,25.181934356689453,237451908,25.181934356689453
416,2021-11-07,25.520544052124023,25.00252914428711,25.19561004638672,25.34868049621582,165629137,25.34868049621582
417,2021-11-08,26.343896865844727,25.25532341003418,25.349384307861328,26.252769470214844,345765450,26.252769470214844
418,2021-11-09,27.805463790893555,26.034746170043945,26.25241470336914,26.3830623626709,529468138,26.3830623626709
419,2021-11-10,28.4310302734375,24.272539138793945,26.356142044067383,25.343095779418945,727246143,25.343095779418945
420,2021-11-11,26.10653305053711,24.942625045776367,25.34114646911621,25.460220336914062,327675351,25.460220336914062
421,2021-11-12,25.69866180419922,23.933950424194336,25.419607162475586,24.578529357910156,295180946,24.578529357910156
422,2021-11-13,24.794307708740234,24.162670135498047,24.569290161132812,24.686586380004883,167070377,24.686586380004883
423,2021-11-14,24.971275329589844,24.04758071899414,24.67612075805664,24.568668365478516,164014839,24.568668365478516
424,2021-11-15,24.960708618164062,23.90144920349121,24.582073211669922,23.95619010925293,263645825,23.95619010925293
425,2021-11-16,24.038328170776367,20.521177291870117,24.038328170776367,21.712846755981445,539231063,21.712846755981445
426,2021-11-17,21.939882278442383,21.13735580444336,21.71442985534668,21.884939193725586,287532427,21.884939193725586
427,2021-11-18,22.236215591430664,19.665260314941406,21.88306427001953,20.094423294067383,328892503,20.094423294067383
428,2021-11-19,21.33238410949707,19.811246871948242,20.09320831298828,21.233858108520508,234233753,21.233858108520508
429,2021-11-20,22.021013259887695,20.97449493408203,21.22380828857422,22.005708694458008,202233872,22.005708694458008
430,2021-11-21,22.17656707763672,21.42265510559082,22.028898239135742,21.70135498046875,164787056,21.70135498046875
431,2021-11-22,22.23020362854004,20.77170753479004,21.676809310913086,20.987781524658203,316990900,20.987781524658203
432,2021-11-23,22.327537536621094,20.79448127746582,20.969282150268555,22.178598403930664,254129899,22.178598403930664
433,2021-11-24,22.343278884887695,20.560447692871094,22.205238342285156,21.731754302978516,243514932,21.731754302978516
434,2021-11-25,21.62696647644043,20.618417739868164,20.813325881958008,20.833040237426758,268033039,20.833040237426758
435,2021-11-26,21.471805572509766,18.79007911682129,21.38518714904785,19.185161590576172,309671638,19.185161590576172
436,2021-11-27,20.143604278564453,19.235401153564453,19.237106323242188,19.511154174804688,160936408,19.511154174804688
437,2021-11-28,20.251623153686523,18.64735221862793,19.5340518951416,20.16950035095215,268236955,20.16950035095215
438,2021-11-29,20.48048973083496,19.715255737304688,20.203433990478516,20.30320167541504,202866672,20.30320167541504
439,2021-11-30,21.460067749023438,19.68415641784668,20.280109405517578,21.242639541625977,294432215,21.242639541625977
440,2021-12-01,22.265047073364258,20.803192138671875,21.23117446899414,20.972164154052734,352926488,20.972164154052734
441,2021-12-02,23.022905349731445,20.568702697753906,20.970552444458008,22.36846923828125,601374192,22.36846923828125
442,2021-12-03,23.043554306030273,19.528446197509766,22.443735122680664,19.93108558654785,410267396,19.93108558654785
443,2021-12-04,20.033527374267578,13.444022178649902,19.98505210876465,17.19194984436035,778633101,17.19194984436035
444,2021-12-05,17.483200073242188,15.98116683959961,17.182260513305664,16.529132843017578,304823078,16.529132843017578
445,2021-12-06,17.470672607421875,15.217398643493652,16.540815353393555,17.34781265258789,370629104,17.34781265258789
446,2021-12-07,17.659879684448242,16.976877212524414,17.363525390625,17.226207733154297,293496197,17.226207733154297
447,2021-12-08,18.692766189575195,16.998699188232422,17.199533462524414,18.66645050048828,396616051,18.66645050048828
448,2021-12-09,18.7643985748291,16.13290786743164,18.666297912597656,16.206682205200195,265115286,16.206682205200195
449,2021-12-10,16.53917694091797,15.132707595825195,16.202579498291016,15.17370319366455,267594941,15.17370319366455
450,2021-12-11,16.710067749023438,15.002982139587402,15.18077278137207,15.88554859161377,274377992,15.88554859161377
451,2021-12-12,16.195209503173828,15.280521392822266,15.88219928741455,16.01793670654297,142510812,16.01793670654297
452,2021-12-13,16.09150505065918,13.790838241577148,16.03488540649414,14.148138999938965,236854841,14.148138999938965
453,2021-12-14,15.010784149169922,13.948038101196289,14.156896591186523,14.979408264160156,190824634,14.979408264160156
454,2021-12-15,15.472164154052734,14.198019981384277,14.996354103088379,15.1802978515625,223391375,15.1802978515625
455,2021-12-16,15.381957054138184,14.36240005493164,15.189403533935547,14.42151165008545,195180102,14.42151165008545
456,2021-12-17,15.091076850891113,13.716081619262695,14.414519309997559,15.006362915039062,212120159,15.006362915039062
457,2021-12-18,16.107664108276367,14.700347900390625,15.005513191223145,15.577239036560059,313275176,15.577239036560059
458,2021-12-19,15.971293449401855,14.857902526855469,15.584320068359375,14.955979347229004,194450339,14.955979347229004
459,2021-12-20,15.157784461975098,13.969219207763672,14.960836410522461,14.484981536865234,218636091,14.484981536865234
460,2021-12-21,15.093586921691895,14.328985214233398,14.485610961914062,15.074888229370117,146489733,15.074888229370117
461,2021-12-22,16.411090850830078,14.983684539794922,15.076583862304688,16.228010177612305,264426176,16.228010177612305
462,2021-12-23,18.24353790283203,15.950486183166504,16.226255416870117,18.12581443786621,487135546,18.12581443786621
463,2021-12-24,18.266550064086914,17.28511619567871,18.165851593017578,17.481870651245117,339462880,17.481870651245117
464,2021-12-25,17.852394104003906,17.10487937927246,17.499759674072266,17.472537994384766,211599998,17.472537994384766
465,2021-12-26,18.78577423095703,16.731548309326172,17.464109420776367,18.687976837158203,328730370,18.687976837158203
466,2021-12-27,20.070968627929688,18.563648223876953,18.65967559814453,19.06847381591797,421879970,19.06847381591797
467,2021-12-28,19.93220329284668,17.805803298950195,19.11854362487793,18.452709197998047,609752158,18.452709197998047
468,2021-12-29,19.448558807373047,16.9612979888916,18.41363525390625,17.092100143432617,556682573,17.092100143432617
469,2021-12-30,17.87702751159668,16.74272918701172,17.128313064575195,17.822460174560547,302579640,17.822460174560547
470,2021-12-31,18.604141235351562,16.854581832885742,17.815149307250977,17.068880081176758,381251541,17.068880081176758
471,2022-01-01,17.5114688873291,17.006145477294922,17.0694637298584,17.444496154785156,215030557,17.444496154785156
472,2022-01-02,18.44598960876465,17.105178833007812,17.44412612915039,18.369281768798828,228978077,18.369281768798828
473,2022-01-03,19.139949798583984,17.956083297729492,18.378198623657227,18.44053840637207,387199887,18.44053840637207
474,2022-01-04,19.091428756713867,17.7778377532959,18.453683853149414,18.260072708129883,401520096,18.260072708129883
475,2022-01-05,19.79796600341797,16.59835433959961,18.262765884399414,17.203540802001953,592856906,17.203540802001953
476,2022-01-06,17.200761795043945,16.200551986694336,17.200761795043945,17.094181060791016,440853593,17.094181060791016
477,2022-01-07,17.116857528686523,15.351940155029297,17.090438842773438,15.767998695373535,396627148,15.767998695373535
478,2022-01-08,16.177074432373047,14.629260063171387,15.768000602722168,14.978643417358398,340981111,14.978643417358398
479,2022-01-09,16.254871368408203,14.8922758102417,14.979232788085938,15.805724143981934,222855975,15.805724143981934
480,2022-01-10,16.411304473876953,14.789142608642578,15.804808616638184,15.162944793701172,388682024,15.162944793701172
481,2022-01-11,16.27512550354004,15.05884838104248,15.160411834716797,15.963604927062988,293501581,15.963604927062988
482,2022-01-12,16.5833683013916,15.964112281799316,15.964112281799316,16.271324157714844,221715263,16.271324157714844
483,2022-01-13,16.55565643310547,15.477875709533691,16.272750854492188,15.477875709533691,236906969,15.477875709533691
484,2022-01-14,15.935013771057129,15.214587211608887,15.479545593261719,15.881272315979004,193078925,15.881272315979004
485,2022-01-15,16.638315200805664,15.771677017211914,15.880620002746582,16.498390197753906,197667350,16.498390197753906
486,2022-01-16,18.098913192749023,16.333032608032227,16.49747657775879,17.8059139251709,311479726,17.8059139251709
487,2022-01-17,17.906089782714844,16.31777000427246,17.809131622314453,16.653366088867188,277971197,16.653366088867188
488,2022-01-18,17.61876106262207,15.679786682128906,16.652019500732422,16.02284812927246,362393695,16.02284812927246
489,2022-01-19,16.165058135986328,15.220498085021973,16.022958755493164,15.23600959777832,208624621,15.23600959777832
490,2022-01-20,16.143901824951172,14.468366622924805,15.216336250305176,14.47544002532959,177971965,14.47544002532959
491,2022-01-21,14.655862808227539,12.431640625,14.477871894836426,12.656286239624023,370396646,12.656286239624023
492,2022-01-22,12.922565460205078,10.627376556396484,12.66326904296875,11.117791175842285,506390580,11.117791175842285
493,2022-01-23,11.885397911071777,10.913793563842773,11.121783256530762,11.420434951782227,300013214,11.420434951782227
494,2022-01-24,11.429326057434082,9.627311706542969,11.422015190124512,10.671534538269043,400388588,10.671534538269043
495,2022-01-25,10.90430736541748,10.405102729797363,10.671904563903809,10.592981338500977,187696996,10.592981338500977
496,2022-01-26,11.66028118133545,10.4186429977417,10.591121673583984,10.587959289550781,232188495,10.587959289550781
497,2022-01-27,10.896895408630371,9.963886260986328,10.586363792419434,10.314667701721191,273145194,10.314667701721191
498,2022-01-28,10.711922645568848,9.924403190612793,10.30872917175293,10.643915176391602,169320541,10.643915176391602
499,2022-01-29,11.210368156433105,10.601205825805664,10.645535469055176,11.136279106140137,166681724,11.136279106140137
500,2022-01-30,11.413209915161133,10.68567943572998,11.140251159667969,10.799687385559082,150898766,10.799687385559082
501,2022-01-31,11.816320419311523,10.35600757598877,10.799710273742676,11.805107116699219,220968950,11.805107116699219
502,2022-02-01,11.836135864257812,11.091645240783691,11.803098678588867,11.12458610534668,231991504,11.12458610534668
503,2022-02-02,11.334827423095703,10.465600967407227,11.123270988464355,10.515515327453613,188606524,10.515515327453613
504,2022-02-03,10.565751075744629,9.999570846557617,10.515220642089844,10.369474411010742,170628306,10.369474411010742
505,2022-02-04,11.150553703308105,10.346039772033691,10.362530708312988,11.14066219329834,231440228,11.14066219329834
506,2022-02-05,11.88037109375,11.140400886535645,11.147377967834473,11.265751838684082,253673144,11.265751838684082
507,2022-02-06,11.64791488647461,11.105219841003418,11.266960144042969,11.646064758300781,171585319,11.646064758300781
508,2022-02-07,12.556049346923828,11.42098617553711,11.656436920166016,12.373255729675293,376002822,12.373255729675293
509,2022-02-08,12.890332221984863,11.548906326293945,12.3762788772583,11.96031379699707,335858585,11.96031379699707
510,2022-02-09,12.61010456085205,11.676774978637695,11.9525785446167,12.327442169189453,230628375,12.327442169189453
511,2022-02-10,12.334909439086914,11.42612361907959,12.328210830688477,11.440258026123047,278254699,11.440258026123047
512,2022-02-11,11.648031234741211,10.45192813873291,11.439407348632812,10.637946128845215,202460299,10.637946128845215
513,2022-02-12,10.944847106933594,10.466338157653809,10.640104293823242,10.626279830932617,153945718,10.626279830932617
514,2022-02-13,10.811156272888184,10.295159339904785,10.624500274658203,10.390586853027344,128151906,10.390586853027344
515,2022-02-14,10.682053565979004,10.160473823547363,10.383893966674805,10.627519607543945,135160729,10.627519607543945
516,2022-02-15,11.493017196655273,10.61943244934082,10.626993179321289,11.453326225280762,187292650,11.453326225280762
517,2022-02-16,11.496959686279297,10.82575798034668,11.45489501953125,11.262880325317383,202990918,11.262880325317383
518,2022-02-17,11.361406326293945,10.281781196594238,11.252920150756836,10.37307357788086,191681935,10.37307357788086
519,2022-02-18,10.686539649963379,10.071518898010254,10.381047248840332,10.179533958435059,321752203,10.179533958435059
520,2022-02-19,10.400781631469727,9.818269729614258,10.177303314208984,10.038238525390625,343381117,10.038238525390625
521,2022-02-20,10.037288665771484,9.25125789642334,10.037288665771484,9.37028980255127,258709389,9.37028980255127
522,2022-02-21,9.736632347106934,8.552854537963867,9.365628242492676,8.554727554321289,279211938,8.554727554321289
523,2022-02-22,8.946274757385254,8.217358589172363,8.55218505859375,8.870278358459473,253250689,8.870278358459473
524,2022-02-23,9.4097900390625,8.747095108032227,8.87044620513916,8.795060157775879,192852307,8.795060157775879
525,2022-02-24,8.928303718566895,7.588877201080322,8.789948463439941,8.821893692016602,420461738,8.821893692016602
526,2022-02-25,9.407938003540039,8.497382164001465,8.822278022766113,9.241801261901855,222754387,9.241801261901855
527,2022-02-26,9.486714363098145,8.995237350463867,9.240078926086426,9.04762077331543,172784672,9.04762077331543
528,2022-02-27,10.116177558898926,8.713088989257812,9.047380447387695,9.772333145141602,446536336,9.772333145141602
529,2022-02-28,10.518308639526367,9.462665557861328,9.769949913024902,10.518308639526367,439010943,10.518308639526367
530,2022-03-01,10.790852546691895,10.105807304382324,10.518837928771973,10.338661193847656,352995706,10.338661193847656
531,2022-03-02,10.537421226501465,9.97878646850586,10.338890075683594,10.034832954406738,269058389,10.034832954406738
532,2022-03-03,10.10052490234375,9.45442008972168,10.035555839538574,9.554364204406738,193167247,9.554364204406738
533,2022-03-04,9.558460235595703,8.711923599243164,9.555498123168945,8.799683570861816,206966311,8.799683570861816
534,2022-03-05,9.120226860046387,8.728647232055664,8.804783821105957,9.014435768127441,147662862,9.014435768127441
535,2022-03-06,9.06141471862793,8.48517894744873,9.014860153198242,8.488813400268555,173015867,8.488813400268555
536,2022-03-07,8.77362060546875,8.164777755737305,8.4893798828125,8.332438468933105,214726908,8.332438468933105
537,2022-03-08,8.844097137451172,8.28879165649414,8.33102035522461,8.82800006866455,219445454,8.82800006866455
538,2022-03-09,9.43022632598877,8.784043312072754,8.829014778137207,9.201221466064453,263847667,9.201221466064453
539,2022-03-10,9.278565406799316,8.560783386230469,9.202630043029785,8.680952072143555,212645828,8.680952072143555
540,2022-03-11,9.008091926574707,8.410191535949707,8.680789947509766,8.539280891418457,207844616,8.539280891418457
541,2022-03-12,8.853906631469727,8.48038101196289,8.538466453552246,8.48308277130127,148862587,8.48308277130127
542,2022-03-13,8.71993637084961,8.161455154418945,8.476914405822754,8.2075834274292,140525345,8.2075834274292
543,2022-03-14,8.563167572021484,8.143535614013672,8.208087921142578,8.487739562988281,170252255,8.487739562988281
544,2022-03-15,8.765312194824219,8.170695304870605,8.487058639526367,8.705360412597656,164156412,8.705360412597656
545,2022-03-16,9.181241989135742,8.60346508026123,8.705748558044434,9.094426155090332,255145237,9.094426155090332
546,2022-03-17,9.382721900939941,9.050984382629395,9.09394359588623,9.22340202331543,193769068,9.22340202331543
547,2022-03-18,9.745016098022461,9.043688774108887,9.221384048461914,9.646535873413086,223126751,9.646535873413086
548,2022-03-19,9.931675910949707,9.60293197631836,9.6458101272583,9.70741081237793,303641030,9.70741081237793
549,2022-03-20,9.763949394226074,9.165719985961914,9.708739280700684,9.320137023925781,197195639,9.320137023925781
550,2022-03-21,9.584174156188965,9.210832595825195,9.320502281188965,9.3388671875,229627680,9.3388671875
551,2022-03-22,10.133243560791016,9.293473243713379,9.338534355163574,9.768980026245117,294556410,9.768980026245117
552,2022-03-23,10.217570304870605,9.68465805053711,9.770064353942871,9.989341735839844,224210772,9.989341735839844
553,2022-03-24,10.775792121887207,9.981891632080078,9.990342140197754,10.765423774719238,310618643,10.765423774719238
554,2022-03-25,11.116215705871582,10.48596477508545,10.766858100891113,10.598651885986328,271994800,10.598651885986328
555,2022-03-26,10.728927612304688,10.392492294311523,10.597973823547363,10.608610153198242,152795606,10.608610153198242
556,2022-03-27,11.39468002319336,10.507203102111816,10.609493255615234,11.39468002319336,238786132,11.39468002319336
557,2022-03-28,11.538055419921875,10.904659271240234,11.396491050720215,10.912344932556152,307967978,10.912344932556152
558,2022-03-29,11.66231632232666,10.906506538391113,10.906506538391113,11.24719524383545,321945909,11.24719524383545
559,2022-03-30,11.813591957092285,10.922443389892578,11.24646282196045,11.711854934692383,358744579,11.711854934692383
560,2022-03-31,12.431146621704102,11.120868682861328,11.711091041564941,11.26535415649414,444141642,11.26535415649414
561,2022-04-01,12.057680130004883,10.937806129455566,11.269817352294922,11.57750415802002,339577604,11.57750415802002
562,2022-04-02,11.967557907104492,11.511046409606934,11.5780029296875,11.657205581665039,348185892,11.657205581665039
563,2022-04-03,12.014983177185059,11.518874168395996,11.6513032913208,11.863115310668945,273765651,11.863115310668945
564,2022-04-04,12.098834037780762,11.10023307800293,11.861194610595703,11.512826919555664,322218447,11.512826919555664
565,2022-04-05,11.87382984161377,11.107806205749512,11.514638900756836,11.111200332641602,215412627,11.111200332641602
566,2022-04-06,11.11498737335205,9.966697692871094,11.110477447509766,9.969744682312012,292162492,9.969744682312012
567,2022-04-07,10.528325080871582,9.895723342895508,9.973650932312012,10.492012023925781,182212530,10.492012023925781
568,2022-04-08,10.525520324707031,9.662443161010742,10.489485740661621,9.713677406311035,187708577,9.713677406311035
569,2022-04-09,10.06180477142334,9.71545696258545,9.71545696258545,10.059554100036621,152865919,10.059554100036621
570,2022-04-10,10.293061256408691,9.913585662841797,10.059761047363281,9.915848731994629,140408580,9.915848731994629
571,2022-04-11,9.91256046295166,8.961312294006348,9.91256046295166,8.984431266784668,213173516,8.984431266784668
572,2022-04-12,9.481575965881348,8.977039337158203,8.986949920654297,9.324267387390137,168889905,9.324267387390137
573,2022-04-13,9.713059425354004,9.291303634643555,9.323921203613281,9.659963607788086,182470460,9.659963607788086
574,2022-04-14,9.736721992492676,9.355938911437988,9.658660888671875,9.475543975830078,254355453,9.475543975830078
575,2022-04-15,9.934213638305664,9.475885391235352,9.475885391235352,9.761524200439453,222270480,9.761524200439453
576,2022-04-16,9.80836009979248,9.517582893371582,9.761943817138672,9.666152954101562,128655199,9.666152954101562
577,2022-04-17,9.6995210647583,9.23731803894043,9.665458679199219,9.260661125183105,116823281,9.260661125183105
578,2022-04-18,9.392909049987793,8.900261878967285,9.261801719665527,9.38635540008545,201686287,9.38635540008545
579,2022-04-19,9.60633659362793,9.237232208251953,9.386902809143066,9.545795440673828,191912745,9.545795440673828
580,2022-04-20,9.683658599853516,9.137716293334961,9.545679092407227,9.318609237670898,237978717,9.318609237670898
581,2022-04-21,9.678150177001953,8.742972373962402,9.318299293518066,8.860125541687012,282734778,8.860125541687012
582,2022-04-22,9.093114852905273,8.779987335205078,8.859334945678711,8.909130096435547,246411429,8.909130096435547
583,2022-04-23,9.200590133666992,8.874197959899902,8.909095764160156,8.937668800354004,207673932,8.937668800354004
584,2022-04-24,9.127222061157227,8.724570274353027,8.935505867004395,8.72632884979248,156490754,8.72632884979248
585,2022-04-25,8.753401756286621,8.220396041870117,8.726200103759766,8.738511085510254,202572131,8.738511085510254
586,2022-04-26,8.79388427734375,7.9709792137146,8.736438751220703,8.005805015563965,160637256,8.005805015563965
587,2022-04-27,8.385820388793945,8.007694244384766,8.007933616638184,8.215010643005371,136480916,8.215010643005371
588,2022-04-28,8.338698387145996,8.058985710144043,8.214936256408691,8.172584533691406,139028879,8.172584533691406
589,2022-04-29,8.21558952331543,7.552741050720215,8.172045707702637,7.619935035705566,178577448,7.619935035705566
590,2022-04-30,7.777936935424805,6.670342922210693,7.619686126708984,6.771395206451416,202858534,6.771395206451416
591,2022-05-01,7.211152076721191,6.664968013763428,6.771162986755371,7.124684810638428,194095247,7.124684810638428
592,2022-05-02,7.177690029144287,6.697620868682861,7.123239040374756,6.934234142303467,148172093,6.934234142303467
593,2022-05-03,7.111350059509277,6.726426124572754,6.934348106384277,6.852402210235596,134692231,6.852402210235596
594,2022-05-04,7.957334995269775,6.844947814941406,6.852160930633545,7.957334995269775,223655414,7.957334995269775
595,2022-05-05,8.076672554016113,7.024381160736084,7.952621936798096,7.333387851715088,240577045,7.333387851715088
596,2022-05-06,7.664491176605225,6.955387115478516,7.334694862365723,7.599331855773926,245323965,7.599331855773926
597,2022-05-07,7.613275051116943,7.033627986907959,7.597602844238281,7.1873459815979,236476567,7.1873459815979
598,2022-05-08,7.3113532066345215,6.915721893310547,7.18783712387085,7.1207451820373535,211379465,7.1207451820373535
599,2022-05-09,7.206515789031982,6.060169219970703,7.120605945587158,6.060169219970703,363357317,6.060169219970703
600,2022-05-10,6.628026008605957,5.847208023071289,6.053065776824951,6.079244136810303,369212661,6.079244136810303
601,2022-05-11,6.198387145996094,4.722678184509277,6.077630996704102,4.879587173461914,509272688,4.879587173461914
602,2022-05-12,5.14281702041626,3.8047080039978027,4.881968975067139,4.692314147949219,399493139,4.692314147949219
603,2022-05-13,5.42893123626709,4.633236885070801,4.688766956329346,5.130251884460449,236758652,5.130251884460449
604,2022-05-14,5.342050075531006,4.758318901062012,5.131087779998779,5.185300827026367,226433303,5.185300827026367
605,2022-05-15,5.449974060058594,5.006548881530762,5.184563159942627,5.449522018432617,245919268,5.449522018432617
606,2022-05-16,5.450857162475586,4.936705112457275,5.450857162475586,5.044344902038574,161915063,5.044344902038574
607,2022-05-17,5.486106872558594,5.0452680587768555,5.0452680587768555,5.466765880584717,162612316,5.466765880584717
608,2022-05-18,5.5307841300964355,4.902099132537842,5.46676778793335,4.902216911315918,145420276,4.902216911315918
609,2022-05-19,5.199790000915527,4.7666730880737305,4.902164936065674,5.190269947052002,157316699,5.190269947052002
610,2022-05-20,5.490059852600098,4.949855804443359,5.1887898445129395,5.104963779449463,164847326,5.104963779449463
611,2022-05-21,5.350118160247803,5.017141819000244,5.104643821716309,5.237450122833252,120434484,5.237450122833252
612,2022-05-22,5.527100086212158,5.152444839477539,5.236952781677246,5.5098958015441895,126111513,5.5098958015441895
613,2022-05-23,5.950588226318359,5.3883161544799805,5.50750207901001,5.6198201179504395,245045792,5.6198201179504395
614,2022-05-24,5.773367881774902,5.3185272216796875,5.620215892791748,5.5988240242004395,201326900,5.5988240242004395
615,2022-05-25,5.757073879241943,5.404852867126465,5.598189830780029,5.6121320724487305,163676162,5.6121320724487305
616,2022-05-26,5.755427837371826,4.837674140930176,5.613454818725586,4.980079174041748,210600895,4.980079174041748
617,2022-05-27,5.053983211517334,4.6301069259643555,4.978972911834717,4.679187774658203,230773725,4.679187774658203
618,2022-05-28,5.002644062042236,4.645709037780762,4.782233238220215,4.985589981079102,126811784,4.985589981079102
619,2022-05-29,5.013419151306152,4.798157215118408,4.9852399826049805,4.9394211769104,110975174,4.9394211769104
620,2022-05-30,5.657465934753418,4.903833866119385,4.9397149085998535,5.641372203826904,174677821,5.641372203826904
621,2022-05-31,5.858230113983154,5.573069095611572,5.641704082489014,5.695826053619385,172677217,5.695826053619385
622,2022-06-01,5.786567211151123,5.139492034912109,5.696706771850586,5.159789085388184,170579803,5.159789085388184
623,2022-06-02,5.326467990875244,5.0771918296813965,5.1589531898498535,5.3128790855407715,141094619,5.3128790855407715
624,2022-06-03,5.320833206176758,4.996578216552734,5.311555862426758,5.078975200653076,115713432,5.078975200653076
625,2022-06-04,5.162196159362793,4.961174964904785,5.079017162322998,5.119289875030518,104863958,5.119289875030518
626,2022-06-05,5.208975791931152,4.9471659660339355,5.11936616897583,5.094315052032471,99008037,5.094315052032471
627,2022-06-06,5.408023834228516,5.095386028289795,5.095386028289795,5.373559951782227,135509483,5.373559951782227
628,2022-06-07,5.399306774139404,4.959811210632324,5.3723649978637695,5.236352920532227,175821455,5.236352920532227
629,2022-06-08,5.304969787597656,5.065874099731445,5.235805988311768,5.088100910186768,129345740,5.088100910186768
630,2022-06-09,5.3348188400268555,5.048065185546875,5.0876970291137695,5.204436779022217,97651715,5.204436779022217
631,2022-06-10,5.21179723739624,4.809916019439697,5.204249858856201,4.8132758140563965,114117413,4.8132758140563965
632,2022-06-11,4.954820156097412,4.358832836151123,4.813936233520508,4.373313903808594,126735281,4.373313903808594
633,2022-06-12,4.458673000335693,4.1195268630981445,4.374485969543457,4.124308109283447,135157638,4.124308109283447
634,2022-06-13,4.116944789886475,3.4928970336914062,4.116944789886475,3.6356749534606934,241473582,3.6356749534606934
635,2022-06-14,3.898451089859009,3.3811769485473633,3.6377949714660645,3.8843390941619873,173698077,3.8843390941619873
636,2022-06-15,4.404477119445801,3.408843994140625,3.8830559253692627,4.400087833404541,229222665,4.400087833404541
637,2022-06-16,4.436614036560059,3.77266001701355,4.403931140899658,3.825576066970825,189186419,3.825576066970825
638,2022-06-17,3.9861929416656494,3.8102190494537354,3.8264920711517334,3.9391870498657227,106151302,3.9391870498657227
639,2022-06-18,4.069429874420166,3.3703091144561768,3.939028024673462,3.6485369205474854,158283162,3.6485369205474854
640,2022-06-19,4.233757019042969,3.5173070430755615,3.6468770503997803,4.1864118576049805,153585925,4.1864118576049805
641,2022-06-20,4.369887828826904,4.007336139678955,4.186758041381836,4.304450988769531,159927449,4.304450988769531
642,2022-06-21,5.143179893493652,4.236964225769043,4.304624080657959,4.749176025390625,218168279,4.749176025390625
643,2022-06-22,5.323933124542236,4.590010166168213,4.752064228057861,4.98868989944458,296038353,4.98868989944458
644,2022-06-23,5.635623931884766,4.986948013305664,4.989191055297852,5.624932765960693,224705017,5.624932765960693
645,2022-06-24,5.767702102661133,5.3663411140441895,5.625517845153809,5.487823009490967,184306651,5.487823009490967
646,2022-06-25,5.735929012298584,5.28694486618042,5.487525939941406,5.6362080574035645,126393048,5.6362080574035645
647,2022-06-26,5.999133110046387,5.506929874420166,5.634245872497559,5.600574970245361,143149753,5.600574970245361
648,2022-06-27,5.9044189453125,5.31339693069458,5.600354194641113,5.341139793395996,126129531,5.341139793395996
649,2022-06-28,5.456721782684326,4.872868061065674,5.340601921081543,4.909684181213379,118983844,4.909684181213379
650,2022-06-29,5.243823051452637,4.811762809753418,4.910727024078369,5.093020915985107,146948853,5.093020915985107
651,2022-06-30,5.125226020812988,4.643011093139648,5.094581127166748,4.979168891906738,155129967,4.979168891906738
652,2022-07-01,5.111443996429443,4.7702507972717285,4.985375881195068,4.840063095092773,125566536,4.840063095092773
653,2022-07-02,5.059706211090088,4.7344231605529785,4.84657621383667,4.916399002075195,111879435,4.916399002075195
654,2022-07-03,4.9383649826049805,4.746868133544922,4.9166059494018555,4.914064884185791,83246348,4.914064884185791
655,2022-07-04,5.297554016113281,4.741260051727295,4.914034843444824,5.297554016113281,104765696,5.297554016113281
656,2022-07-05,5.41464900970459,5.036818981170654,5.305120944976807,5.309924125671387,122286252,5.309924125671387
657,2022-07-06,5.473797798156738,5.215195178985596,5.3111572265625,5.354457855224609,130046282,5.354457855224609
658,2022-07-07,5.796115875244141,5.30005407333374,5.354835033416748,5.737151145935059,121473044,5.737151145935059
659,2022-07-08,5.9258527755737305,5.536550045013428,5.736896991729736,5.808081150054932,145399521,5.808081150054932
660,2022-07-09,6.588240146636963,5.796563148498535,5.805836200714111,6.4736409187316895,195247569,6.4736409187316895
661,2022-07-10,6.473546981811523,6.004388809204102,6.473546981811523,6.262073993682861,166707018,6.262073993682861
662,2022-07-11,6.26643180847168,5.310445785522461,6.2613019943237305,5.5669450759887695,239071455,5.5669450759887695
663,2022-07-12,5.864448070526123,5.477291107177734,5.567556858062744,5.561343193054199,228327945,5.561343193054199
664,2022-07-13,6.174153804779053,5.327633857727051,5.557929992675781,6.127813816070557,247910628,6.127813816070557
665,2022-07-14,7.053615093231201,6.0483012199401855,6.122666835784912,6.99137020111084,444892608,6.99137020111084
666,2022-07-15,7.170975208282471,6.754854202270508,6.997532844543457,6.796994209289551,254647766,6.796994209289551
667,2022-07-16,7.557439804077148,6.691730976104736,6.79439115524292,7.356259822845459,229268309,7.356259822845459
668,2022-07-17,7.418346881866455,6.9322638511657715,7.354922771453857,6.95725679397583,152128766,6.95725679397583
669,2022-07-18,7.408969879150391,6.95480489730835,6.9578471183776855,7.339181900024414,242867621,7.339181900024414
670,2022-07-19,7.7124152183532715,7.239006042480469,7.334897994995117,7.346598148345947,323561901,7.346598148345947
671,2022-07-20,7.588184833526611,6.825500011444092,7.3452911376953125,6.871230125427246,280377012,6.871230125427246
672,2022-07-21,7.273490905761719,6.698646068572998,6.870585918426514,7.212133884429932,239525093,7.212133884429932
673,2022-07-22,7.438386917114258,6.846627235412598,7.213028907775879,6.9129180908203125,187754432,6.9129180908203125
674,2022-07-23,7.175972938537598,6.696761131286621,6.909567832946777,6.982264041900635,168344524,6.982264041900635
675,2022-07-24,7.292847156524658,6.912642955780029,6.982728958129883,7.22541618347168,158730477,7.22541618347168
676,2022-07-25,7.501885890960693,6.848610877990723,7.225465774536133,7.0900959968566895,338039574,7.0900959968566895
677,2022-07-26,7.0928850173950195,6.247121810913086,7.0928850173950195,6.627559185028076,279238041,6.627559185028076
678,2022-07-27,8.163278579711914,6.523402214050293,6.634611129760742,8.048117637634277,378630945,8.048117637634277
679,2022-07-28,9.743395805358887,7.979899883270264,8.047310829162598,9.273797035217285,637216377,9.273797035217285
680,2022-07-29,9.366463661193848,8.641581535339355,9.275739669799805,9.019708633422852,427243491,9.019708633422852
681,2022-07-30,9.13110637664795,8.547099113464355,9.036749839782715,8.759899139404297,329010762,8.759899139404297
682,2022-07-31,9.100650787353516,8.364334106445312,8.758527755737305,8.371331214904785,320134087,8.371331214904785
683,2022-08-01,8.554317474365234,8.082599639892578,8.372047424316406,8.383391380310059,223771661,8.383391380310059
684,2022-08-02,8.650471687316895,7.844639778137207,8.382180213928223,8.289977073669434,315349995,8.289977073669434
685,2022-08-03,9.332236289978027,8.059659004211426,8.289554595947266,8.98323917388916,360221129,8.98323917388916
686,2022-08-04,9.08475112915039,8.602959632873535,8.980175018310547,8.825281143188477,234432580,8.825281143188477
687,2022-08-05,9.240412712097168,8.809338569641113,8.823149681091309,8.957996368408203,199339087,8.957996368408203
688,2022-08-06,9.124914169311523,8.766134262084961,8.962079048156738,8.77474594116211,127173752,8.77474594116211
689,2022-08-07,8.96647834777832,8.715353012084961,8.773558616638184,8.789325714111328,105349992,8.789325714111328
690,2022-08-08,8.932188987731934,8.778176307678223,8.784221649169922,8.867636680603027,110393704,8.867636680603027
